geoid,tract_2020,tract_name,total_pop_2010,black_pop_2010,pct_black_2010_percent,total_pop_2020,black_pop_2020,pct_black_2020_percent,black_pop_change,pct_black_change_pp,total_pop_2010_redistrict,black_pop_2010_redistrict,pct_black_2010_percent_redistrict,total_pop_2020_redistrict,black_pop_2020_redistrict,pct_black_2020_percent_redistrict,black_pop_change_redistrict,pct_black_change_pp_redistrict,tract_2010,n_geoid_2010_parents,tract_2010_norm,tract_2020_norm,civilian_labor_force_2010,employed_2010,in_labor_force_2010,population_16_years_and_over_2010,unemployed_2010,civilian_labor_force_2020,employed_2020,in_labor_force_2020,population_16_years_and_over_2020,unemployed_2020,no_2010_baseline,emp_change,lf_change,black_pop_change_used,pct_black_change_pp_used,z_black_disp,z_pct_black_disp,z_emp,z_lf,gri_raw,gri_z,gri_pct,gri_tier,dc_ward,quadrant,missing_gri_data
11001000101,1.01,Census Tract 1.01; District of Columbia; District of Columbia,,,,1406,47,3.34,,,,,,1406,47,3.34,,,1.01,0,1.01,1.01,,,,,,663.667,593.0,602.0,1134.0,18.0,True,,,,,,,,,,,,,2,NW,True
11001000102,1.02,Census Tract 1.02; District of Columbia; District of Columbia,,,,3417,57,1.67,,,,,,3417,57,1.67,,,1.02,0,1.02,1.02,,,,,,1833.0,1587.5,1617.5,2989.0,60.0,True,,,,,,,,,,,,,2,NW,True
11001000201,2.01,Census Tract 2.01; District of Columbia; District of Columbia,3916.0,259.0,6.61,4108,348,8.47,89.0,1.86,3916.0,259.0,6.61,4108,348,8.47,89.0,1.86,2.01,1,2.01,2.01,827.0,743.5,743.5,4227.0,0.0,1300.667,1081.5,1210.5,3972.0,135.0,False,338.0,467.0,89.0,1.86,-0.542,-1.204,0.029,0.436,-1.281,-0.426,0.351,Low,2,NW,False
11001000202,2.02,Census Tract 2.02; District of Columbia; District of Columbia,5425.0,159.0,2.93,4672,193,4.13,34.0,1.2,5425.0,159.0,2.93,4672,193,4.13,34.0,1.2,2.02,1,2.02,2.02,2021.667,1767.5,1818.5,4236.0,51.0,2545.667,2247.5,2319.0,4478.0,111.0,False,480.0,500.5,34.0,1.2,-0.405,-1.137,0.456,0.538,-0.548,-0.182,0.461,Low,2,NW,False
11001000300,3.0,Census Tract 3; District of Columbia; District of Columbia,6233.0,139.0,2.23,6161,260,4.22,121.0,1.99,6233.0,139.0,2.23,6161,260,4.22,121.0,1.99,3.0,1,3.0,3.0,3284.333,2843.5,2964.5,5041.0,139.0,3440.333,3088.0,3149.0,5445.0,61.0,False,244.5,184.5,121.0,1.99,-0.622,-1.217,-0.252,-0.424,-2.514,-0.836,0.214,Very Low,3,NW,False
11001000400,4.0,Census Tract 4; District of Columbia; District of Columbia,1455.0,50.0,3.44,1643,84,5.11,34.0,1.67,1455.0,50.0,3.44,1643,84,5.11,34.0,1.67,4.0,1,4.0,4.0,664.667,575.5,575.5,1146.0,0.0,552.333,499.5,501.0,1237.0,3.0,False,-76.0,-74.5,34.0,1.67,-0.405,-1.184,-1.215,-1.212,-4.016,-1.336,0.052,Very Low,3,NW,False
11001000501,5.01,Census Tract 5.01; District of Columbia; District of Columbia,3376.0,124.0,3.67,3829,236,6.16,112.0,2.49,3376.0,124.0,3.67,3829,236,6.16,112.0,2.49,5.01,1,5.01,5.01,2172.333,1893.5,1990.5,3236.0,113.0,2126.333,1854.0,1919.5,3107.0,69.0,False,-39.5,-71.0,112.0,2.49,-0.6,-1.268,-1.105,-1.201,-4.174,-1.388,0.045,Very Low,3,NW,False
11001000502,5.02,Census Tract 5.02; District of Columbia; District of Columbia,3189.0,95.0,2.98,3418,118,3.45,23.0,0.47,3189.0,95.0,2.98,3418,118,3.45,23.0,0.47,5.02,1,5.02,5.02,1854.333,1681.0,1695.0,2816.0,21.0,2058.667,1790.0,1859.0,2948.0,107.0,False,109.0,164.0,23.0,0.47,-0.377,-1.063,-0.659,-0.486,-2.585,-0.86,0.201,Very Low,3,NW,False
11001000600,6.0,Census Tract 6; District of Columbia; District of Columbia,4539.0,225.0,4.96,4676,237,5.07,12.0,0.11,4539.0,225.0,4.96,4676,237,5.07,12.0,0.11,6.0,1,6.0,6.0,2205.667,1954.5,2029.0,4226.0,82.0,2447.667,2179.0,2222.0,4094.0,51.0,False,224.5,193.0,12.0,0.11,-0.35,-1.026,-0.312,-0.398,-2.086,-0.694,0.253,Low,3,NW,False
11001000702,7.02,Census Tract 7.02; District of Columbia; District of Columbia,3364.0,192.0,5.71,3452,280,8.11,88.0,2.4,3364.0,192.0,5.71,3452,280,8.11,88.0,2.4,7.02,1,7.02,7.02,2229.667,1897.0,2042.0,3054.0,145.0,1970.0,1725.0,1800.5,2853.0,94.0,False,-172.0,-241.5,88.0,2.4,-0.54,-1.258,-1.503,-1.72,-5.022,-1.67,0.019,Very Low,3,NW,False
11001000703,7.03,Census Tract 7.03; District of Columbia; District of Columbia,,,,3022,248,8.21,,,,,,3022,248,8.21,,,7.03,0,7.03,7.03,,,,,,1650.333,1440.0,1511.5,3162.0,76.0,True,,,,,,,,,,,,,3,NW,True
11001000704,7.04,Census Tract 7.04; District of Columbia; District of Columbia,,,,2753,249,9.04,,,,,,2753,249,9.04,,,7.04,0,7.04,7.04,,,,,,1470.0,1302.5,1319.0,2599.0,33.0,True,,,,,,,,,,,,,3,NW,True
11001000802,8.02,Census Tract 8.02; District of Columbia; District of Columbia,2869.0,107.0,3.73,3327,226,6.79,119.0,3.06,2869.0,107.0,3.73,3327,226,6.79,119.0,3.06,8.02,1,8.02,8.02,1236.0,1079.5,1106.0,2243.0,36.0,1794.0,1603.0,1625.0,2901.0,24.0,False,523.5,519.0,119.0,3.06,-0.617,-1.325,0.586,0.595,-0.762,-0.253,0.435,Low,3,NW,False
11001000803,8.03,Census Tract 8.03; District of Columbia; District of Columbia,,,,3174,168,5.29,,,,,,3174,168,5.29,,,8.03,0,8.03,8.03,,,,,,1214.0,1070.5,1132.0,2158.0,119.0,True,,,,,,,,,,,,,3,NW,True
11001000804,8.04,Census Tract 8.04; District of Columbia; District of Columbia,,,,3832,201,5.25,,,,,,3832,201,5.25,,,8.04,0,8.04,8.04,,,,,,1490.0,1199.5,1337.5,2989.0,175.0,True,,,,,,,,,,,,,3,NW,True
11001000902,9.02,Census Tract 9.02; District of Columbia; District of Columbia,2092.0,67.0,3.2,2317,76,3.28,9.0,0.08,2092.0,67.0,3.2,2317,76,3.28,9.0,0.08,9.02,1,9.02,9.02,934.667,797.5,840.5,1720.0,51.0,939.667,825.0,847.0,1793.0,35.0,False,27.5,6.5,9.0,0.08,-0.342,-1.023,-0.904,-0.965,-3.235,-1.076,0.156,Very Low,3,NW,False
11001000903,9.03,Census Tract 9.03; District of Columbia; District of Columbia,,,,4202,426,10.14,,,,,,4202,426,10.14,,,9.03,0,9.03,9.03,,,,,,1621.0,1321.5,1496.0,3894.0,201.0,True,,,,,,,,,,,,,3,NW,True
11001000904,9.04,Census Tract 9.04; District of Columbia; District of Columbia,,,,3148,131,4.16,,,,,,3148,131,4.16,,,9.04,0,9.04,9.04,,,,,,1277.0,1123.5,1160.5,2549.0,48.0,True,,,,,,,,,,,,,3,NW,True
11001001002,10.02,Census Tract 10.02; District of Columbia; District of Columbia,3442.0,185.0,5.37,3643,349,9.58,164.0,4.21,3442.0,185.0,5.37,3643,349,9.58,164.0,4.21,10.02,1,10.02,10.02,2181.0,1962.5,2026.5,3121.0,70.0,1924.333,1636.0,1758.0,2811.0,141.0,False,-326.5,-268.5,164.0,4.21,-0.729,-1.442,-1.967,-1.802,-5.941,-1.976,0.006,Very Low,3,NW,False
11001001003,10.03,Census Tract 10.03; District of Columbia; District of Columbia,,,,3111,85,2.73,,,,,,3111,85,2.73,,,10.03,0,10.03,10.03,,,,,,1371.333,1199.0,1249.0,2208.0,36.0,True,,,,,,,,,,,,,3,NW,True
11001001004,10.04,Census Tract 10.04; District of Columbia; District of Columbia,,,,4480,231,5.16,,,,,,4480,231,5.16,,,10.04,0,10.04,10.04,,,,,,1976.0,1751.0,1786.5,3594.0,49.0,True,,,,,,,,,,,,,3,NW,True
11001001100,11.0,Census Tract 11; District of Columbia; District of Columbia,4779.0,290.0,6.07,5300,391,7.38,101.0,1.31,4779.0,290.0,6.07,5300,391,7.38,101.0,1.31,11.0,1,11.0,11.0,2193.0,1948.5,1972.5,3572.0,21.0,2209.667,1966.5,2031.0,3987.0,70.0,False,18.0,58.5,101.0,1.31,-0.572,-1.148,-0.932,-0.807,-3.46,-1.151,0.123,Very Low,3,NW,False
11001001200,12.0,Census Tract 12; District of Columbia; District of Columbia,5008.0,272.0,5.43,5371,413,7.69,141.0,2.26,5008.0,272.0,5.43,5371,413,7.69,141.0,2.26,12.0,1,12.0,12.0,2871.0,2576.5,2657.0,4440.0,91.0,2671.0,2262.0,2421.5,4379.0,180.0,False,-314.5,-235.5,141.0,2.26,-0.672,-1.244,-1.931,-1.702,-5.55,-1.846,0.013,Very Low,3,NW,False
11001001301,13.01,Census Tract 13.01; District of Columbia; District of Columbia,3955.0,374.0,9.46,4160,611,14.69,237.0,5.23,3955.0,374.0,9.46,4160,611,14.69,237.0,5.23,13.01,1,13.01,13.01,2285.667,1976.0,2076.0,3800.0,100.0,2397.0,2073.0,2199.5,3909.0,180.0,False,97.0,123.5,237.0,5.23,-0.912,-1.545,-0.695,-0.609,-3.761,-1.251,0.078,Very Low,3,NW,False
11001001303,13.03,Census Tract 13.03; District of Columbia; District of Columbia,,,,3763,397,10.55,,,,,,3763,397,10.55,,,13.03,0,13.03,13.03,,,,,,2070.667,1882.0,1977.0,3383.0,71.0,True,,,,,,,,,,,,,3,NW,True
11001001304,13.04,Census Tract 13.04; District of Columbia; District of Columbia,,,,4018,222,5.53,,,,,,4018,222,5.53,,,13.04,0,13.04,13.04,,,,,,2810.0,2533.0,2572.0,4111.0,46.0,True,,,,,,,,,,,,,3,NW,True
11001001401,14.01,Census Tract 14.01; District of Columbia; District of Columbia,3078.0,178.0,5.78,3258,214,6.57,36.0,0.79,3078.0,178.0,5.78,3258,214,6.57,36.0,0.79,14.01,1,14.01,14.01,1376.333,1207.0,1220.5,2445.0,13.0,1670.0,1432.0,1504.0,2664.0,101.0,False,225.0,283.5,36.0,0.79,-0.41,-1.095,-0.31,-0.122,-1.938,-0.645,0.266,Low,3,NW,False
11001001402,14.02,Census Tract 14.02; District of Columbia; District of Columbia,2998.0,356.0,11.87,3514,446,12.69,90.0,0.82,2998.0,356.0,11.87,3514,446,12.69,90.0,0.82,14.02,1,14.02,14.02,1171.667,991.5,1051.5,2444.0,76.0,1421.333,1243.5,1279.0,2674.0,28.0,False,252.0,227.5,90.0,0.82,-0.545,-1.098,-0.229,-0.293,-2.165,-0.72,0.24,Very Low,4,NW,False
11001001500,15.0,Census Tract 15; District of Columbia; District of Columbia,5911.0,643.0,10.88,6156,559,9.08,-84.0,-1.8,5911.0,643.0,10.88,6156,559,9.08,-84.0,-1.8,15.0,1,15.0,15.0,2198.333,1947.5,1959.0,4355.0,17.0,2579.0,2279.0,2347.0,4545.0,88.0,False,331.5,388.0,-84.0,-1.8,-0.11,-0.833,0.01,0.196,-0.738,-0.245,0.442,Low,4,NW,False
11001001600,16.0,Census Tract 16; District of Columbia; District of Columbia,3957.0,2670.0,67.48,4471,2487,55.63,-183.0,-11.85,3957.0,2670.0,67.48,4471,2487,55.63,-183.0,-11.85,16.0,1,16.0,16.0,1829.333,1590.0,1637.5,3528.0,57.0,2390.0,2091.5,2171.0,4076.0,90.0,False,501.5,533.5,-183.0,-11.85,0.137,0.186,0.52,0.639,1.482,0.493,0.734,Moderate,4,NW,False
11001001702,17.02,Census Tract 17.02; District of Columbia; District of Columbia,2644.0,1342.0,50.76,3356,1475,43.95,133.0,-6.81,2644.0,1342.0,50.76,3356,1475,43.95,133.0,-6.81,17.02,1,17.02,17.02,1380.667,1176.0,1254.5,2221.0,117.0,1899.0,1620.0,1730.5,3214.0,171.0,False,444.0,476.0,133.0,-6.81,-0.652,-0.325,0.348,0.464,-0.166,-0.055,0.526,Moderate,4,NW,False
11001001803,18.03,Census Tract 18.03; District of Columbia; District of Columbia,3514.0,2372.0,67.5,4102,2243,54.68,-129.0,-12.82,3514.0,2372.0,67.5,4102,2243,54.68,-129.0,-12.82,18.03,1,18.03,18.03,1573.333,1234.0,1435.0,2582.0,259.0,1870.667,1548.5,1683.5,3371.0,166.0,False,314.5,248.5,-129.0,-12.82,0.002,0.284,-0.041,-0.229,0.016,0.005,0.545,Moderate,4,NW,False
11001001804,18.04,Census Tract 18.04; District of Columbia; District of Columbia,4480.0,2983.0,66.58,5500,2997,54.49,14.0,-12.09,4480.0,2983.0,66.58,5500,2997,54.49,14.0,-12.09,18.04,1,18.04,18.04,2180.0,1746.0,1974.0,3705.0,296.0,2606.667,1937.5,2425.0,4272.0,502.0,False,191.5,451.0,14.0,-12.09,-0.355,0.21,-0.411,0.388,-0.168,-0.056,0.519,Moderate,4,NW,False
11001001901,19.01,Census Tract 19.01; District of Columbia; District of Columbia,4016.0,3023.0,75.27,4206,2185,51.95,-838.0,-23.32,4016.0,3023.0,75.27,4206,2185,51.95,-838.0,-23.32,19.01,1,19.01,19.01,1793.667,1526.0,1646.5,3348.0,178.0,1928.0,1659.5,1720.5,3225.0,75.0,False,133.5,74.0,-838.0,-23.32,1.773,1.348,-0.585,-0.76,1.776,0.591,0.779,High,4,NW,False
11001001902,19.02,Census Tract 19.02; District of Columbia; District of Columbia,1969.0,1537.0,78.06,2117,1266,59.8,-271.0,-18.26,1969.0,1537.0,78.06,2117,1266,59.8,-271.0,-18.26,19.02,1,19.02,19.02,886.333,750.0,819.5,1808.0,82.0,1075.667,911.0,963.0,2032.0,63.0,False,161.0,143.5,-271.0,-18.26,0.357,0.835,-0.503,-0.548,0.141,0.047,0.571,Moderate,4,NW,False
11001002001,20.01,Census Tract 20.01; District of Columbia; District of Columbia,2340.0,1172.0,50.09,2926,1042,35.61,-130.0,-14.48,2340.0,1172.0,50.09,2926,1042,35.61,-130.0,-14.48,20.01,1,20.01,20.01,1355.0,1214.0,1222.0,2227.0,16.0,1555.667,1300.5,1371.0,2712.0,88.0,False,86.5,149.0,-130.0,-14.48,0.005,0.452,-0.726,-0.532,-0.801,-0.266,0.422,Low,4,NW,False
11001002002,20.02,Census Tract 20.02; District of Columbia; District of Columbia,3813.0,2297.0,60.24,4072,1751,43.0,-546.0,-17.24,3813.0,2297.0,60.24,4072,1751,43.0,-546.0,-17.24,20.02,1,20.02,20.02,1817.333,1538.5,1651.0,3192.0,191.0,2409.333,2056.5,2192.0,3446.0,240.0,False,518.0,541.0,-546.0,-17.24,1.044,0.732,0.57,0.662,3.007,1.0,0.864,High,4,NW,False
11001002101,21.01,Census Tract 21.01; District of Columbia; District of Columbia,5309.0,3301.0,62.18,5687,2642,46.46,-659.0,-15.72,5309.0,3301.0,62.18,5687,2642,46.46,-659.0,-15.72,21.01,1,21.01,21.01,2170.667,1702.5,1950.5,4039.0,380.0,2833.0,2519.0,2569.5,4297.0,82.0,False,816.5,619.0,-659.0,-15.72,1.326,0.578,1.467,0.899,4.269,1.42,0.922,Very High,4,NW,False
11001002102,21.02,Census Tract 21.02; District of Columbia; District of Columbia,4648.0,3583.0,77.09,5099,2910,57.07,-673.0,-20.02,4648.0,3583.0,77.09,5099,2910,57.07,-673.0,-20.02,21.02,1,21.02,21.02,2041.667,1692.5,1873.0,3553.0,234.0,2731.333,2323.5,2474.5,4723.0,209.0,False,631.0,601.5,-673.0,-20.02,1.361,1.014,0.909,0.846,4.13,1.373,0.916,Very High,4,NW,False
11001002201,22.01,Census Tract 22.01; District of Columbia; District of Columbia,3442.0,2331.0,67.72,3485,1722,49.41,-609.0,-18.31,3442.0,2331.0,67.72,3485,1722,49.41,-609.0,-18.31,22.01,1,22.01,22.01,1444.333,1173.0,1291.5,2720.0,199.0,1851.0,1407.5,1679.0,2954.0,332.0,False,234.5,387.5,-609.0,-18.31,1.201,0.84,-0.282,0.194,1.954,0.65,0.799,High,4,NW,False
11001002202,22.02,Census Tract 22.02; District of Columbia; District of Columbia,3087.0,2177.0,70.52,3339,1636,49.0,-541.0,-21.52,3087.0,2177.0,70.52,3339,1636,49.0,-541.0,-21.52,22.02,1,22.02,22.02,1307.667,1069.0,1193.0,2437.0,187.0,1585.0,1330.0,1419.5,2335.0,148.0,False,261.0,226.5,-541.0,-21.52,1.031,1.166,-0.202,-0.296,1.699,0.565,0.766,High,4,NW,False
11001002301,23.01,Census Tract 23.01; District of Columbia; District of Columbia,2974.0,2137.0,71.86,3266,1455,44.55,-682.0,-27.31,2974.0,2137.0,71.86,3266,1455,44.55,-682.0,-27.31,23.01,1,23.01,23.01,1348.333,1017.0,1176.0,2476.0,234.0,1938.333,1692.0,1785.5,2865.0,143.0,False,675.0,609.5,-682.0,-27.31,1.383,1.753,1.042,0.87,5.047,1.679,0.948,Very High,4,NW,False
11001002302,23.02,Census Tract 23.02; District of Columbia; District of Columbia,2036.0,870.0,42.73,1762,896,50.85,26.0,8.12,2036.0,870.0,42.73,1762,896,50.85,26.0,8.12,23.02,1,23.02,23.02,557.0,461.0,504.5,1876.0,45.0,716.667,614.5,672.5,1498.0,70.0,False,153.5,168.0,26.0,8.12,-0.385,-1.838,-0.525,-0.474,-3.222,-1.072,0.162,Very Low,5,NW,False
11001002400,24.0,Census Tract 24; District of Columbia; District of Columbia,3618.0,2293.0,63.38,4095,1501,36.65,-792.0,-26.73,3618.0,2293.0,63.38,4095,1501,36.65,-792.0,-26.73,24.0,1,24.0,24.0,1858.0,1401.0,1643.0,3320.0,351.0,2304.0,1982.5,2084.5,3703.0,105.0,False,581.5,441.5,-792.0,-26.73,1.658,1.694,0.761,0.359,4.471,1.487,0.929,Very High,4,NW,False
11001002501,25.01,Census Tract 25.01; District of Columbia; District of Columbia,2554.0,1432.0,56.07,2688,1100,40.92,-332.0,-15.15,2554.0,1432.0,56.07,2688,1100,40.92,-332.0,-15.15,25.01,1,25.01,25.01,1007.333,740.0,885.5,1960.0,177.0,1429.333,1221.0,1250.0,2553.0,58.0,False,481.0,364.5,-332.0,-15.15,0.509,0.52,0.459,0.124,1.612,0.536,0.753,High,4,NW,False
11001002503,25.03,Census Tract 25.03; District of Columbia; District of Columbia,,,,3031,962,31.74,,,,,,3031,962,31.74,,,25.03,0,25.03,25.03,,,,,,1737.667,1345.5,1524.5,2857.0,328.0,True,,,,,,,,,,,,,4,NW,True
11001002504,25.04,Census Tract 25.04; District of Columbia; District of Columbia,,,,3349,818,24.43,,,,,,3349,818,24.43,,,25.04,0,25.04,25.04,,,,,,1897.333,1591.0,1678.0,3208.0,105.0,True,,,,,,,,,,,,,4,NW,True
11001002600,26.0,Census Tract 26; District of Columbia; District of Columbia,2166.0,1026.0,47.37,2592,835,32.21,-191.0,-15.16,2166.0,1026.0,47.37,2592,835,32.21,-191.0,-15.16,26.0,1,26.0,26.0,1087.333,948.5,971.5,1873.0,30.0,1396.667,1218.0,1261.0,2325.0,64.0,False,269.5,289.5,-191.0,-15.16,0.157,0.521,-0.177,-0.104,0.398,0.132,0.61,Moderate,4,NW,False
11001002702,27.02,Census Tract 27.02; District of Columbia; District of Columbia,5226.0,699.0,13.38,5825,626,10.75,-73.0,-2.63,5226.0,699.0,13.38,5825,626,10.75,-73.0,-2.63,27.02,1,27.02,27.02,3021.333,2558.0,2699.0,4464.0,189.0,3587.333,3092.0,3226.5,5204.0,173.0,False,534.0,527.5,-73.0,-2.63,-0.138,-0.749,0.618,0.62,0.352,0.117,0.604,Moderate,1,NW,False
11001002703,27.03,Census Tract 27.03; District of Columbia; District of Columbia,,,,2614,295,11.29,,,,,,2614,295,11.29,,,27.03,0,27.03,27.03,,,,,,1360.667,1197.5,1208.5,2085.0,22.0,True,,,,,,,,,,,,,1,NW,True
11001002704,27.04,Census Tract 27.04; District of Columbia; District of Columbia,,,,2993,452,15.1,,,,,,2993,452,15.1,,,27.04,0,27.04,27.04,,,,,,2574.333,2253.5,2326.0,3574.0,79.0,True,,,,,,,,,,,,,1,NW,True
11001002801,28.01,Census Tract 28.01; District of Columbia; District of Columbia,3773.0,1359.0,36.02,4398,1469,33.4,110.0,-2.62,3773.0,1359.0,36.02,4398,1469,33.4,110.0,-2.62,28.01,1,28.01,28.01,1665.333,1333.5,1467.5,3063.0,166.0,2356.333,2100.0,2134.5,3449.0,53.0,False,766.5,667.0,110.0,-2.62,-0.595,-0.75,1.316,1.045,1.017,0.338,0.701,Moderate,1,NW,False
11001002802,28.02,Census Tract 28.02; District of Columbia; District of Columbia,4277.0,1069.0,24.99,4685,1048,22.37,-21.0,-2.62,4277.0,1069.0,24.99,4685,1048,22.37,-21.0,-2.62,28.02,1,28.02,28.02,2187.333,1825.0,1970.5,3357.0,172.0,3100.333,2588.0,2822.5,4480.0,274.0,False,763.0,852.0,-21.0,-2.62,-0.268,-0.75,1.306,1.608,1.897,0.631,0.792,High,1,NW,False
11001002900,29.0,Census Tract 29; District of Columbia; District of Columbia,3962.0,1246.0,31.45,4443,892,20.08,-354.0,-11.37,3962.0,1246.0,31.45,4443,892,20.08,-354.0,-11.37,29.0,1,29.0,29.0,1935.667,1516.5,1711.0,3239.0,281.0,2793.0,2459.5,2500.5,3765.0,57.0,False,943.0,789.5,-354.0,-11.37,0.564,0.137,1.847,1.418,3.966,1.319,0.909,Very High,1,NW,False
11001003000,30.0,Census Tract 30; District of Columbia; District of Columbia,3398.0,1455.0,42.82,3561,1339,37.6,-116.0,-5.22,3398.0,1455.0,42.82,3561,1339,37.6,-116.0,-5.22,30.0,1,30.0,30.0,1817.333,1438.5,1671.0,2678.0,303.0,2243.333,1823.0,2083.0,3541.0,268.0,False,384.5,412.0,-116.0,-5.22,-0.03,-0.486,0.169,0.269,-0.079,-0.026,0.532,Moderate,1,NW,False
11001003100,31.0,Census Tract 31; District of Columbia; District of Columbia,2885.0,1086.0,37.64,3873,949,24.5,-137.0,-13.14,2885.0,1086.0,37.64,3873,949,24.5,-137.0,-13.14,31.0,1,31.0,31.0,1354.667,1112.5,1184.0,2451.0,132.0,2287.667,1936.0,2053.0,3402.0,148.0,False,823.5,869.0,-137.0,-13.14,0.022,0.317,1.488,1.66,3.486,1.16,0.877,High,1,NW,False
11001003200,32.0,Census Tract 32; District of Columbia; District of Columbia,4913.0,2917.0,59.37,5099,1877,36.81,-1040.0,-22.56,4913.0,2917.0,59.37,5099,1877,36.81,-1040.0,-22.56,32.0,1,32.0,32.0,2288.333,1920.5,2069.0,3630.0,223.0,2815.667,2174.5,2533.0,4038.0,416.0,False,254.0,464.0,-1040.0,-22.56,2.277,1.271,-0.223,0.427,3.752,1.248,0.896,High,1,NW,False
11001003301,33.01,Census Tract 33.01; District of Columbia; District of Columbia,3198.0,1998.0,62.48,3824,1234,32.27,-764.0,-30.21,3198.0,1998.0,62.48,3824,1234,32.27,-764.0,-30.21,33.01,1,33.01,33.01,1555.333,1253.0,1395.0,2345.0,187.0,2626.0,2290.0,2325.0,3780.0,33.0,False,1037.0,930.0,-764.0,-30.21,1.588,2.047,2.129,1.846,7.609,2.531,0.974,Very High,5,NW,False
11001003302,33.02,Census Tract 33.02; District of Columbia; District of Columbia,2134.0,1216.0,56.98,2434,738,30.32,-478.0,-26.66,2134.0,1216.0,56.98,2434,738,30.32,-478.0,-26.66,33.02,1,33.02,33.02,1373.667,1055.0,1223.5,1941.0,200.0,1237.333,1075.5,1123.5,1838.0,49.0,False,20.5,-100.0,-478.0,-26.66,0.874,1.687,-0.925,-1.29,0.346,0.115,0.597,Moderate,5,NW,False
11001003400,34.0,Census Tract 34; District of Columbia; District of Columbia,4347.0,3392.0,78.03,5120,1923,37.56,-1469.0,-40.47,4347.0,3392.0,78.03,5120,1923,37.56,-1469.0,-40.47,34.0,1,34.0,34.0,1414.333,1009.5,1246.5,4427.0,351.0,2273.667,1998.0,2094.0,4731.0,123.0,False,988.5,847.5,-1469.0,-40.47,3.349,3.086,1.983,1.594,10.013,3.33,0.994,Very High,1,NW,False
11001003500,35.0,Census Tract 35; District of Columbia; District of Columbia,3740.0,2681.0,71.68,4801,1593,33.18,-1088.0,-38.5,3740.0,2681.0,71.68,4801,1593,33.18,-1088.0,-38.5,35.0,1,35.0,35.0,963.0,742.5,839.5,1940.0,143.0,2285.0,1826.5,2041.5,4557.0,248.0,False,1084.0,1202.0,-1088.0,-38.5,2.397,2.887,2.27,2.674,10.228,3.402,1.0,Very High,1,NW,False
11001003600,36.0,Census Tract 36; District of Columbia; District of Columbia,4208.0,1645.0,39.09,4775,1373,28.75,-272.0,-10.34,4208.0,1645.0,39.09,4775,1373,28.75,-272.0,-10.34,36.0,1,36.0,36.0,2201.333,1843.5,1968.5,3564.0,151.0,3141.667,2750.5,2873.0,4483.0,144.0,False,907.0,904.5,-272.0,-10.34,0.359,0.033,1.739,1.768,3.899,1.297,0.903,Very High,1,NW,False
11001003701,37.01,Census Tract 37.01; District of Columbia; District of Columbia,,,,2916,546,18.72,,,,,,2916,546,18.72,,,37.01,0,37.01,37.01,,,,,,1481.667,1290.5,1308.0,2142.0,35.0,True,,,,,,,,,,,,,1,NW,True
11001003702,37.02,Census Tract 37.02; District of Columbia; District of Columbia,,,,2906,1111,38.23,,,,,,2906,1111,38.23,,,37.02,0,37.02,37.02,,,,,,1230.333,929.5,1140.0,1859.0,245.0,True,,,,,,,,,,,,,1,NW,True
11001003801,38.01,Census Tract 38.01; District of Columbia; District of Columbia,,,,1800,217,12.06,,,,,,1800,217,12.06,,,38.01,0,38.01,38.01,,,,,,1126.0,999.5,1025.0,1489.0,33.0,True,,,,,,,,,,,,,1,NW,True
11001003802,38.02,Census Tract 38.02; District of Columbia; District of Columbia,,,,3911,658,16.82,,,,,,3911,658,16.82,,,38.02,0,38.02,38.02,,,,,,2124.0,1870.5,1876.5,2980.0,12.0,True,,,,,,,,,,,,,1,NW,True
11001003901,39.01,Census Tract 39.01; District of Columbia; District of Columbia,,,,2598,340,13.09,,,,,,2598,340,13.09,,,39.01,0,39.01,39.01,,,,,,1863.0,1706.5,1707.5,2393.0,2.0,True,,,,,,,,,,,,,1,NW,True
11001003902,39.02,Census Tract 39.02; District of Columbia; District of Columbia,,,,2022,161,7.96,,,,,,2022,161,7.96,,,39.02,0,39.02,39.02,,,,,,1427.333,1263.0,1267.0,2020.0,8.0,True,,,,,,,,,,,,,1,NW,True
11001004001,40.01,Census Tract 40.01; District of Columbia; District of Columbia,3745.0,139.0,3.71,3941,137,3.48,-2.0,-0.23,3745.0,139.0,3.71,3941,137,3.48,-2.0,-0.23,40.01,1,40.01,40.01,2280.333,1976.0,2049.5,3037.0,116.0,3324.0,2871.0,2966.5,4338.0,101.0,False,895.0,917.0,-2.0,-0.23,-0.315,-0.992,1.703,1.806,2.202,0.732,0.812,High,1,NW,False
11001004002,40.02,Census Tract 40.02; District of Columbia; District of Columbia,2797.0,226.0,8.08,3291,190,5.77,-36.0,-2.31,2797.0,226.0,8.08,3291,190,5.77,-36.0,-2.31,40.02,1,40.02,40.02,1604.667,1426.5,1447.5,2218.0,26.0,2422.0,2154.5,2225.5,3179.0,87.0,False,728.0,778.0,-36.0,-2.31,-0.23,-0.781,1.201,1.383,1.573,0.523,0.747,Moderate,1,NW,False
11001004100,41.0,Census Tract 41; District of Columbia; District of Columbia,2708.0,115.0,4.25,2836,120,4.23,5.0,-0.02,2708.0,115.0,4.25,2836,120,4.23,5.0,-0.02,41.0,1,41.0,41.0,1610.333,1376.5,1447.5,2478.0,92.0,1345.667,1192.0,1231.5,2134.0,38.0,False,-184.5,-216.0,5.0,-0.02,-0.332,-1.013,-1.541,-1.643,-4.529,-1.506,0.026,Very Low,2,NW,False
11001004201,42.01,Census Tract 42.01; District of Columbia; District of Columbia,3342.0,240.0,7.18,3548,195,5.5,-45.0,-1.68,3342.0,240.0,7.18,3548,195,5.5,-45.0,-1.68,42.01,1,42.01,42.01,2372.667,2051.5,2087.5,3383.0,63.0,2629.333,2336.5,2345.5,3421.0,9.0,False,285.0,258.0,-45.0,-1.68,-0.208,-0.845,-0.13,-0.2,-1.383,-0.46,0.344,Low,2,NW,False
11001004202,42.02,Census Tract 42.02; District of Columbia; District of Columbia,2771.0,129.0,4.66,2850,113,3.96,-16.0,-0.7,2771.0,129.0,4.66,2850,113,3.96,-16.0,-0.7,42.02,1,42.02,42.02,1624.0,1434.5,1481.0,2276.0,62.0,1620.667,1409.5,1459.0,2573.0,57.0,False,-25.0,-22.0,-16.0,-0.7,-0.28,-0.944,-1.061,-1.052,-3.338,-1.11,0.136,Very Low,2,NW,False
11001004300,43.0,Census Tract 43; District of Columbia; District of Columbia,3255.0,901.0,27.68,4436,834,18.8,-67.0,-8.88,3255.0,901.0,27.68,4436,834,18.8,-67.0,-8.88,43.0,1,43.0,43.0,1660.0,1416.0,1504.5,2741.0,100.0,2591.333,2373.5,2373.5,3642.0,0.0,False,957.5,869.0,-67.0,-8.88,-0.153,-0.115,1.89,1.66,3.282,1.092,0.87,High,2,NW,False
11001004401,44.01,Census Tract 44.01; District of Columbia; District of Columbia,,,,3430,358,10.44,,,,,,3430,358,10.44,,,44.01,0,44.01,44.01,,,,,,2179.667,1915.0,1948.0,2901.0,33.0,True,,,,,,,,,,,,,1,NW,True
11001004402,44.02,Census Tract 44.02; District of Columbia; District of Columbia,,,,2755,488,17.71,,,,,,2755,488,17.71,,,44.02,0,44.02,44.02,,,,,,1319.333,904.0,1180.5,2268.0,336.0,True,,,,,,,,,,,,,1,NW,True
11001004600,46.0,Census Tract 46; District of Columbia; District of Columbia,3028.0,1964.0,64.86,3543,1530,43.18,-434.0,-21.68,3028.0,1964.0,64.86,3543,1530,43.18,-434.0,-21.68,46.0,1,46.0,46.0,1352.667,1116.0,1252.5,2147.0,139.0,1832.667,1560.5,1637.0,2814.0,99.0,False,444.5,384.5,-434.0,-21.68,0.764,1.182,0.349,0.185,2.48,0.825,0.844,High,5,NW,False
11001004702,47.02,Census Tract 47.02; District of Columbia; District of Columbia,1802.0,853.0,47.34,3934,777,19.75,-76.0,-27.59,1802.0,853.0,47.34,3934,777,19.75,-76.0,-27.59,47.02,1,47.02,47.02,795.0,579.0,719.0,1496.0,222.0,2443.0,2134.0,2235.5,3518.0,108.0,False,1555.0,1516.5,-76.0,-27.59,-0.13,1.781,3.685,3.631,8.967,2.982,0.987,Very High,6,NW,False
11001004703,47.03,Census Tract 47.03; District of Columbia; District of Columbia,,,,3331,803,24.11,,,,,,3331,803,24.11,,,47.03,0,47.03,47.03,,,,,,1690.0,1488.5,1550.0,2726.0,37.0,True,,,,,,,,,,,,,6,NW,True
11001004704,47.04,Census Tract 47.04; District of Columbia; District of Columbia,,,,1945,1710,87.92,,,,,,1945,1710,87.92,,,47.04,0,47.04,47.04,,,,,,365.0,133.0,357.0,1049.0,224.0,True,,,,,,,,,,,,,6,NW,True
11001004801,48.01,Census Tract 48.01; District of Columbia; District of Columbia,2143.0,961.0,44.84,2820,759,26.91,-202.0,-17.93,2143.0,961.0,44.84,2820,759,26.91,-202.0,-17.93,48.01,1,48.01,48.01,1018.333,844.5,935.5,1690.0,95.0,1666.0,1371.5,1453.5,2848.0,128.0,False,527.0,518.0,-202.0,-17.93,0.185,0.802,0.597,0.592,2.175,0.723,0.805,High,2,NW,False
11001004802,48.02,Census Tract 48.02; District of Columbia; District of Columbia,2922.0,1464.0,50.1,3634,1550,42.65,86.0,-7.45,2922.0,1464.0,50.1,3634,1550,42.65,86.0,-7.45,48.02,1,48.02,48.02,1662.333,1368.5,1496.0,2613.0,153.0,2013.333,1808.0,1825.0,3052.0,8.0,False,439.5,329.0,86.0,-7.45,-0.535,-0.26,0.334,0.016,-0.445,-0.148,0.481,Low,2,NW,False
11001004901,49.01,Census Tract 49.01; District of Columbia; District of Columbia,2087.0,1075.0,51.51,3380,1009,29.85,-66.0,-21.66,2087.0,1075.0,51.51,3380,1009,29.85,-66.0,-21.66,49.01,1,49.01,49.01,927.667,680.5,846.0,1551.0,151.0,2150.667,1900.0,1937.0,3212.0,44.0,False,1219.5,1091.0,-66.0,-21.66,-0.155,1.18,2.677,2.336,6.038,2.008,0.968,Very High,2,NW,False
11001004902,49.02,Census Tract 49.02; District of Columbia; District of Columbia,2690.0,812.0,30.19,3449,782,22.67,-30.0,-7.52,2690.0,812.0,30.19,3449,782,22.67,-30.0,-7.52,49.02,1,49.02,49.02,1706.0,1459.0,1529.5,2328.0,76.0,2232.0,1895.0,2057.5,3204.0,148.0,False,436.0,528.0,-30.0,-7.52,-0.245,-0.253,0.324,0.622,0.447,0.149,0.623,Moderate,2,NW,False
11001005001,50.01,Census Tract 50.01; District of Columbia; District of Columbia,1955.0,484.0,24.76,2012,203,10.09,-281.0,-14.67,1955.0,484.0,24.76,2012,203,10.09,-281.0,-14.67,50.01,1,50.01,50.01,984.0,832.0,843.0,1491.0,22.0,1322.667,1150.5,1162.0,1932.0,23.0,False,318.5,319.0,-281.0,-14.67,0.382,0.472,-0.029,-0.014,0.81,0.269,0.688,Moderate,2,NW,False
11001005003,50.03,Census Tract 50.03; District of Columbia; District of Columbia,,,,2143,376,17.55,,,,,,2143,376,17.55,,,50.03,0,50.03,50.03,,,,,,1238.333,1096.5,1102.5,1617.0,6.0,True,,,,,,,,,,,,,2,NW,True
11001005004,50.04,Census Tract 50.04; District of Columbia; District of Columbia,,,,3861,789,20.44,,,,,,3861,789,20.44,,,50.04,0,50.04,50.04,,,,,,2026.0,1669.0,1817.0,3670.0,166.0,True,,,,,,,,,,,,,2,NW,True
11001005202,52.02,Census Tract 52.02; District of Columbia; District of Columbia,,,,3408,349,10.24,,,,,,3408,349,10.24,,,52.02,0,52.02,52.02,,,,,,2024.0,1770.5,1798.5,2741.0,28.0,True,,,,,,,,,,,,,2,NW,True
11001005203,52.03,Census Tract 52.03; District of Columbia; District of Columbia,,,,2979,275,9.23,,,,,,2979,275,9.23,,,52.03,0,52.03,52.03,,,,,,2226.0,2068.0,2078.0,2878.0,9.0,True,,,,,,,,,,,,,2,NW,True
11001005302,53.02,Census Tract 53.02; District of Columbia; District of Columbia,,,,2518,122,4.85,,,,,,2518,122,4.85,,,53.02,0,53.02,53.02,,,,,,1488.667,1296.5,1356.5,2383.0,50.0,True,,,,,,,,,,,,,2,NW,True
11001005303,53.03,Census Tract 53.03; District of Columbia; District of Columbia,,,,3215,310,9.64,,,,,,3215,310,9.64,,,53.03,0,53.03,53.03,,,,,,1756.0,1549.5,1606.5,2654.0,57.0,True,,,,,,,,,,,,,2,NW,True
11001005501,55.01,Census Tract 55.01; District of Columbia; District of Columbia,,,,2303,122,5.3,,,,,,2303,122,5.3,,,55.01,0,55.01,55.01,,,,,,981.333,825.0,837.0,1700.0,24.0,True,,,,,,,,,,,,,2,NW,True
11001005502,55.02,Census Tract 55.02; District of Columbia; District of Columbia,,,,2968,298,10.04,,,,,,2968,298,10.04,,,55.02,0,55.02,55.02,,,,,,1512.333,1299.0,1356.0,2486.0,106.0,True,,,,,,,,,,,,,2,NW,True
11001005503,55.03,Census Tract 55.03; District of Columbia; District of Columbia,,,,2492,58,2.33,,,,,,2492,58,2.33,,,55.03,0,55.03,55.03,,,,,,1318.0,1191.0,1225.0,2127.0,2.0,True,,,,,,,,,,,,,2,NW,True
11001005601,56.01,Census Tract 56.01; District of Columbia; District of Columbia,,,,2900,123,4.24,,,,,,2900,123,4.24,,,56.01,0,56.01,56.01,,,,,,1319.667,1137.5,1240.5,2357.0,81.0,True,,,,,,,,,,,,,2,NW,True
11001005602,56.02,Census Tract 56.02; District of Columbia; District of Columbia,,,,4100,303,7.39,,,,,,4100,303,7.39,,,56.02,0,56.02,56.02,,,,,,1889.667,1633.0,1716.5,4141.0,90.0,True,,,,,,,,,,,,,2,NW,True
11001005801,58.01,Census Tract 58.01; District of Columbia; District of Columbia,,,,1672,82,4.9,,,,,,1672,82,4.9,,,58.01,0,58.01,58.01,,,,,,1110.0,877.0,1009.0,1866.0,161.0,True,,,,,,,,,,,,,2,NW,True
11001005802,58.02,Census Tract 58.02; District of Columbia; District of Columbia,,,,2145,294,13.71,,,,,,2145,294,13.71,,,58.02,0,58.02,58.02,,,,,,1304.0,1108.0,1172.5,1790.0,66.0,True,,,,,,,,,,,,,2,NW,True
11001005900,59.0,Census Tract 59; District of Columbia; District of Columbia,2998.0,826.0,27.55,2617,438,16.74,-388.0,-10.81,2998.0,826.0,27.55,2617,438,16.74,-388.0,-10.81,59.0,1,59.0,59.0,1939.333,1481.0,1719.0,3905.0,341.0,1456.0,1208.5,1300.5,2405.0,134.0,False,-272.5,-418.5,-388.0,-10.81,0.649,0.08,-1.805,-2.259,-3.335,-1.109,0.143,Very Low,6,NW,False
11001006400,64.0,Census Tract 64; District of Columbia; District of Columbia,2139.0,1860.0,86.96,2481,1646,66.34,-214.0,-20.62,2139.0,1860.0,86.96,2481,1646,66.34,-214.0,-20.62,64.0,1,64.0,64.0,751.0,539.5,685.5,1488.0,161.0,957.0,766.0,867.0,1943.0,119.0,False,226.5,181.5,-214.0,-20.62,0.214,1.075,-0.306,-0.433,0.55,0.183,0.649,Moderate,6,SW,False
11001006500,65.0,Census Tract 65; District of Columbia; District of Columbia,2531.0,228.0,9.01,2609,113,4.33,-115.0,-4.68,2531.0,228.0,9.01,2609,113,4.33,-115.0,-4.68,65.0,1,65.0,65.0,1669.333,1518.0,1555.0,2311.0,46.0,1499.333,1251.5,1358.5,2577.0,110.0,False,-266.5,-196.5,-115.0,-4.68,-0.033,-0.541,-1.787,-1.583,-3.944,-1.312,0.058,Very Low,6,SE,False
11001006600,66.0,Census Tract 66; District of Columbia; District of Columbia,1909.0,58.0,3.04,2164,97,4.48,39.0,1.44,1909.0,58.0,3.04,2164,97,4.48,39.0,1.44,66.0,1,66.0,66.0,1115.667,988.5,1016.0,1692.0,25.0,1108.333,976.0,991.0,1805.0,15.0,False,-12.5,-25.0,39.0,1.44,-0.417,-1.161,-1.024,-1.061,-3.664,-1.219,0.097,Very Low,6,SE,False
11001006700,67.0,Census Tract 67; District of Columbia; District of Columbia,3775.0,452.0,11.97,3927,298,7.59,-154.0,-4.38,3775.0,452.0,11.97,3927,298,7.59,-154.0,-4.38,67.0,1,67.0,67.0,2292.333,2013.5,2092.0,3541.0,72.0,2438.0,2095.5,2197.5,3833.0,89.0,False,82.0,105.5,-154.0,-4.38,0.065,-0.571,-0.74,-0.664,-1.911,-0.636,0.273,Low,6,SE,False
11001006801,68.01,Census Tract 68.01; District of Columbia; District of Columbia,1949.0,1192.0,61.16,2238,765,34.18,-427.0,-26.98,1949.0,1192.0,61.16,2238,765,34.18,-427.0,-26.98,68.01,1,68.01,68.01,990.333,810.0,912.5,1530.0,118.0,1440.667,1215.0,1288.5,2188.0,111.0,False,405.0,376.0,-427.0,-26.98,0.746,1.719,0.23,0.159,2.855,0.95,0.851,High,7,SE,False
11001006802,68.02,Census Tract 68.02; District of Columbia; District of Columbia,2084.0,1022.0,49.04,2580,678,26.28,-344.0,-22.76,2084.0,1022.0,49.04,2580,678,26.28,-344.0,-22.76,68.02,1,68.02,68.02,1156.667,1013.5,1047.5,1775.0,48.0,1453.0,1252.0,1371.5,2147.0,102.0,False,238.5,324.0,-344.0,-22.76,0.539,1.291,-0.27,0.001,1.562,0.519,0.74,Moderate,7,SE,False
11001006804,68.04,Census Tract 68.04; District of Columbia; District of Columbia,3670.0,3225.0,87.87,2429,1934,79.62,-1291.0,-8.25,3670.0,3225.0,87.87,2429,1934,79.62,-1291.0,-8.25,68.04,1,68.04,68.04,2.0,1.5,1.5,2496.0,0.0,137.333,82.0,127.0,2915.0,45.0,False,80.5,125.5,-1291.0,-8.25,2.904,-0.179,-0.745,-0.603,1.377,0.458,0.721,Moderate,7,SE,False
11001006900,69.0,Census Tract 69; District of Columbia; District of Columbia,2179.0,636.0,29.19,2799,535,19.11,-101.0,-10.08,2179.0,636.0,29.19,2799,535,19.11,-101.0,-10.08,69.0,1,69.0,69.0,1219.667,1011.0,1127.0,1924.0,106.0,1551.333,1409.5,1420.5,2168.0,11.0,False,398.5,293.5,-101.0,-10.08,-0.068,0.006,0.211,-0.092,0.058,0.019,0.558,Moderate,6,SE,False
11001007000,70.0,Census Tract 70; District of Columbia; District of Columbia,2812.0,433.0,15.4,2697,333,12.35,-100.0,-3.05,2812.0,433.0,15.4,2697,333,12.35,-100.0,-3.05,70.0,1,70.0,70.0,1268.0,1108.0,1231.0,2084.0,48.0,1508.333,1294.0,1478.5,2404.0,85.0,False,186.0,247.5,-100.0,-3.05,-0.07,-0.706,-0.428,-0.232,-1.436,-0.478,0.338,Low,6,SE,False
11001007100,71.0,Census Tract 71; District of Columbia; District of Columbia,2911.0,1703.0,58.5,3218,1442,44.81,-261.0,-13.69,2911.0,1703.0,58.5,3218,1442,44.81,-261.0,-13.69,71.0,1,71.0,71.0,1376.0,957.0,1272.5,2434.0,348.0,1398.333,1062.0,1253.5,3016.0,216.0,False,105.0,-19.0,-261.0,-13.69,0.332,0.372,-0.671,-1.043,-1.01,-0.336,0.377,Low,6,SE,False
11001007201,72.01,Census Tract 72.01; District of Columbia; District of Columbia,,,,2985,541,18.12,,,,,,2985,541,18.12,,,72.01,0,72.01,72.01,,,,,,1069.667,927.0,1029.0,1473.0,43.0,True,,,,,,,,,,,,,8,SE,True
11001007202,72.02,Census Tract 72.02; District of Columbia; District of Columbia,,,,4303,449,10.43,,,,,,4303,449,10.43,,,72.02,0,72.02,72.02,,,,,,2481.667,2238.5,2319.0,3104.0,17.0,True,,,,,,,,,,,,,6,SE,True
11001007203,72.03,Census Tract 72.03; District of Columbia; District of Columbia,,,,3748,887,23.67,,,,,,3748,887,23.67,,,72.03,0,72.03,72.03,,,,,,1492.0,1284.5,1383.0,2087.0,89.0,True,,,,,,,,,,,,,8,SE,True
11001007301,73.01,Census Tract 73.01; District of Columbia; District of Columbia,3012.0,767.0,25.46,3841,551,14.35,-216.0,-11.11,3012.0,767.0,25.46,3841,551,14.35,-216.0,-11.11,73.01,1,73.01,73.01,423.0,339.5,860.5,1720.0,44.0,1049.333,872.5,1652.5,3119.0,54.0,False,533.0,792.0,-216.0,-11.11,0.219,0.111,0.615,1.426,2.371,0.789,0.825,High,8,SW,False
11001007304,73.04,Census Tract 73.04; District of Columbia; District of Columbia,3546.0,3443.0,97.1,4410,4099,92.95,656.0,-4.15,3546.0,3443.0,97.1,4410,4099,92.95,656.0,-4.15,73.04,1,73.04,73.04,1108.0,853.5,1000.5,2667.0,235.0,1535.667,1192.5,1367.5,3278.0,212.0,False,339.0,367.0,656.0,-4.15,-1.958,-0.595,0.032,0.132,-2.389,-0.795,0.234,Very Low,8,SE,False
11001007401,74.01,Census Tract 74.01; District of Columbia; District of Columbia,2414.0,2349.0,97.31,1259,1163,92.37,-1186.0,-4.94,2414.0,2349.0,97.31,1259,1163,92.37,-1186.0,-4.94,74.01,1,74.01,74.01,466.0,352.0,435.5,1467.0,105.0,539.0,299.5,502.0,1193.0,253.0,False,-52.5,66.5,-1186.0,-4.94,2.642,-0.515,-1.144,-0.783,0.2,0.067,0.578,Moderate,8,SE,False
11001007403,74.03,Census Tract 74.03; District of Columbia; District of Columbia,2859.0,2811.0,98.32,2613,2492,95.37,-319.0,-2.95,2859.0,2811.0,98.32,2613,2492,95.37,-319.0,-2.95,74.03,1,74.03,74.03,1065.333,839.0,984.0,2098.0,177.0,1073.333,866.5,976.0,1915.0,175.0,False,27.5,-8.0,-319.0,-2.95,0.477,-0.716,-0.904,-1.01,-2.153,-0.716,0.247,Very Low,8,SE,False
11001007404,74.04,Census Tract 74.04; District of Columbia; District of Columbia,3310.0,3165.0,95.62,3637,3359,92.36,194.0,-3.26,3310.0,3165.0,95.62,3637,3359,92.36,194.0,-3.26,74.04,1,74.04,74.04,1006.667,777.5,934.0,2076.0,167.0,1588.667,1342.5,1432.5,2894.0,141.0,False,565.0,498.5,194.0,-3.26,-0.804,-0.685,0.711,0.532,-0.246,-0.082,0.506,Moderate,8,SE,False
11001007406,74.06,Census Tract 74.06; District of Columbia; District of Columbia,3063.0,2984.0,97.42,3528,3305,93.68,321.0,-3.74,3063.0,2984.0,97.42,3528,3305,93.68,321.0,-3.74,74.06,1,74.06,74.06,847.0,532.5,780.0,1986.0,283.0,1210.0,870.0,1176.0,2532.0,336.0,False,337.5,396.0,321.0,-3.74,-1.122,-0.636,0.028,0.22,-1.51,-0.502,0.325,Low,8,SE,False
11001007407,74.07,Census Tract 74.07; District of Columbia; District of Columbia,2587.0,2499.0,96.6,3491,3151,90.26,652.0,-6.34,2587.0,2499.0,96.6,3491,3151,90.26,652.0,-6.34,74.07,1,74.07,74.07,1093.0,825.0,984.0,2070.0,198.0,1583.0,1210.0,1495.0,2551.0,324.0,False,385.0,511.0,652.0,-6.34,-1.948,-0.373,0.17,0.57,-1.58,-0.526,0.312,Low,8,SE,False
11001007408,74.08,Census Tract 74.08; District of Columbia; District of Columbia,3038.0,2964.0,97.56,2867,2726,95.08,-238.0,-2.48,3038.0,2964.0,97.56,2867,2726,95.08,-238.0,-2.48,74.08,1,74.08,74.08,825.333,688.5,775.5,1967.0,112.0,897.0,547.5,813.5,1938.0,343.0,False,-141.0,38.0,-238.0,-2.48,0.274,-0.764,-1.41,-0.87,-2.769,-0.921,0.182,Very Low,8,SE,False
11001007409,74.09,Census Tract 74.09; District of Columbia; District of Columbia,3499.0,3417.0,97.66,3835,3609,94.11,192.0,-3.55,3499.0,3417.0,97.66,3835,3609,94.11,192.0,-3.55,74.09,1,74.09,74.09,1265.333,999.0,1163.0,2393.0,217.0,1645.0,1128.0,1540.0,2642.0,497.0,False,129.0,377.0,192.0,-3.55,-0.799,-0.655,-0.599,0.162,-1.891,-0.629,0.286,Low,8,SE,False
11001007502,75.02,Census Tract 75.02; District of Columbia; District of Columbia,4541.0,4380.0,96.45,4687,4415,94.2,35.0,-2.25,4541.0,4380.0,96.45,4687,4415,94.2,35.0,-2.25,75.02,1,75.02,75.02,1322.667,1015.0,1222.5,3053.0,277.0,1684.333,1149.5,1505.5,3765.0,403.0,False,134.5,283.0,35.0,-2.25,-0.407,-0.787,-0.582,-0.124,-1.901,-0.632,0.279,Low,8,SE,False
11001007503,75.03,Census Tract 75.03; District of Columbia; District of Columbia,2425.0,2319.0,95.63,2528,2209,87.38,-110.0,-8.25,2425.0,2319.0,95.63,2528,2209,87.38,-110.0,-8.25,75.03,1,75.03,75.03,863.0,591.0,787.5,1712.0,265.0,941.333,703.0,848.0,1795.0,197.0,False,112.0,60.5,-110.0,-8.25,-0.045,-0.179,-0.65,-0.801,-1.675,-0.557,0.292,Low,8,SE,False
11001007504,75.04,Census Tract 75.04; District of Columbia; District of Columbia,2451.0,2370.0,96.7,2730,2453,89.85,83.0,-6.85,2451.0,2370.0,96.7,2730,2453,89.85,83.0,-6.85,75.04,1,75.04,75.04,887.0,774.5,817.5,2029.0,58.0,854.333,596.5,734.0,1895.0,178.0,False,-178.0,-83.5,83.0,-6.85,-0.527,-0.321,-1.521,-1.239,-3.609,-1.2,0.104,Very Low,8,SE,False
11001007601,76.01,Census Tract 76.01; District of Columbia; District of Columbia,4355.0,4109.0,94.35,4693,4094,87.24,-15.0,-7.11,4355.0,4109.0,94.35,4693,4094,87.24,-15.0,-7.11,76.01,1,76.01,76.01,1502.333,1121.0,1387.5,3316.0,371.0,2256.333,1885.0,2078.5,4188.0,284.0,False,764.0,691.0,-15.0,-7.11,-0.282,-0.295,1.309,1.118,1.85,0.615,0.786,High,8,SE,False
11001007603,76.03,Census Tract 76.03; District of Columbia; District of Columbia,4044.0,3645.0,90.13,4185,3638,86.93,-7.0,-3.2,4044.0,3645.0,90.13,4185,3638,86.93,-7.0,-3.2,76.03,1,76.03,76.03,2103.0,1678.0,1944.5,3573.0,338.0,1708.667,1546.5,1631.0,3169.0,51.0,False,-131.5,-313.5,-7.0,-3.2,-0.302,-0.691,-1.381,-1.939,-4.314,-1.435,0.032,Very Low,7,SE,False
11001007604,76.04,Census Tract 76.04; District of Columbia; District of Columbia,3644.0,3411.0,93.61,3803,3278,86.2,-133.0,-7.41,3644.0,3411.0,93.61,3803,3278,86.2,-133.0,-7.41,76.04,1,76.04,76.04,1455.333,1171.5,1329.0,3014.0,214.0,1874.333,1519.0,1725.0,3539.0,267.0,False,347.5,396.0,-133.0,-7.41,0.012,-0.264,0.058,0.22,0.026,0.009,0.552,Moderate,7,SE,False
11001007605,76.05,Census Tract 76.05; District of Columbia; District of Columbia,3447.0,3292.0,95.5,3663,3360,91.73,68.0,-3.77,3447.0,3292.0,95.5,3663,3360,91.73,68.0,-3.77,76.05,1,76.05,76.05,1527.333,1228.5,1379.0,3032.0,241.0,1643.0,1305.0,1492.5,3562.0,289.0,False,76.5,113.5,68.0,-3.77,-0.49,-0.633,-0.757,-0.64,-2.519,-0.838,0.208,Very Low,8,SE,False
11001007703,77.03,Census Tract 77.03; District of Columbia; District of Columbia,5187.0,4924.0,94.93,5227,4703,89.98,-221.0,-4.95,5187.0,4924.0,94.93,5227,4703,89.98,-221.0,-4.95,77.03,1,77.03,77.03,2240.667,1574.0,2061.0,3768.0,594.0,2836.667,2143.5,2496.0,5627.0,466.0,False,569.5,435.0,-221.0,-4.95,0.232,-0.514,0.725,0.339,0.782,0.26,0.682,Moderate,7,SE,False
11001007707,77.07,Census Tract 77.07; District of Columbia; District of Columbia,3867.0,3740.0,96.72,3927,3616,92.08,-124.0,-4.64,3867.0,3740.0,96.72,3927,3616,92.08,-124.0,-4.64,77.07,1,77.07,77.07,1428.333,1135.0,1299.5,2795.0,231.0,1219.667,991.5,1103.5,2997.0,186.0,False,-143.5,-196.0,-124.0,-4.64,-0.01,-0.545,-1.417,-1.582,-3.555,-1.182,0.11,Very Low,7,SE,False
11001007708,77.08,Census Tract 77.08; District of Columbia; District of Columbia,2486.0,2416.0,97.18,2574,2422,94.09,6.0,-3.09,2486.0,2416.0,97.18,2574,2422,94.09,6.0,-3.09,77.08,1,77.08,77.08,1021.0,737.5,926.0,2032.0,236.0,893.333,703.0,804.0,2242.0,139.0,False,-34.5,-122.0,6.0,-3.09,-0.335,-0.702,-1.09,-1.357,-3.484,-1.159,0.117,Very Low,7,SE,False
11001007709,77.09,Census Tract 77.09; District of Columbia; District of Columbia,2007.0,1896.0,94.47,2072,1874,90.44,-22.0,-4.03,2007.0,1896.0,94.47,2072,1874,90.44,-22.0,-4.03,77.09,1,77.09,77.09,678.0,508.5,619.5,1332.0,142.0,737.667,579.5,662.0,1675.0,109.0,False,71.0,42.5,-22.0,-4.03,-0.265,-0.607,-0.773,-0.856,-2.501,-0.832,0.221,Very Low,7,SE,False
11001007803,78.03,Census Tract 78.03; District of Columbia; District of Columbia,3293.0,3126.0,94.93,4590,4003,87.21,877.0,-7.72,3293.0,3126.0,94.93,4590,4003,87.21,877.0,-7.72,78.03,1,78.03,78.03,1155.333,714.5,1036.0,2319.0,420.0,1596.0,1195.5,1461.0,3516.0,338.0,False,481.0,425.0,877.0,-7.72,-2.51,-0.233,0.459,0.308,-1.976,-0.657,0.26,Low,7,NE,False
11001007804,78.04,Census Tract 78.04; District of Columbia; District of Columbia,3446.0,3289.0,95.44,3499,3200,91.45,-89.0,-3.99,3446.0,3289.0,95.44,3499,3200,91.45,-89.0,-3.99,78.04,1,78.04,78.04,940.333,673.0,856.0,2203.0,243.0,1479.667,1260.5,1389.0,3002.0,189.0,False,587.5,533.0,-89.0,-3.99,-0.098,-0.611,0.779,0.637,0.707,0.235,0.669,Moderate,7,NE,False
11001007806,78.06,Census Tract 78.06; District of Columbia; District of Columbia,2347.0,2247.0,95.74,3457,3064,88.63,817.0,-7.11,2347.0,2247.0,95.74,3457,3064,88.63,817.0,-7.11,78.06,1,78.06,78.06,860.333,612.5,772.5,1628.0,218.0,909.667,701.5,832.0,2290.0,174.0,False,89.0,59.5,817.0,-7.11,-2.36,-0.295,-0.719,-0.804,-4.178,-1.39,0.039,Very Low,7,NE,False
11001007807,78.07,Census Tract 78.07; District of Columbia; District of Columbia,2139.0,2053.0,95.98,2114,1909,90.3,-144.0,-5.68,2139.0,2053.0,95.98,2114,1909,90.3,-144.0,-5.68,78.07,1,78.07,78.07,795.0,582.0,734.5,1588.0,191.0,1088.0,591.5,959.5,2000.0,576.0,False,9.5,225.0,-144.0,-5.68,0.04,-0.44,-0.958,-0.3,-1.658,-0.551,0.305,Low,7,NE,False
11001007808,78.08,Census Tract 78.08; District of Columbia; District of Columbia,3646.0,3489.0,95.69,3792,3450,90.98,-39.0,-4.71,3646.0,3489.0,95.69,3792,3450,90.98,-39.0,-4.71,78.08,1,78.08,78.08,1165.0,719.0,1077.5,2429.0,414.0,1616.0,1288.5,1506.0,3306.0,282.0,False,569.5,428.5,-39.0,-4.71,-0.223,-0.538,0.725,0.319,0.283,0.094,0.591,Moderate,7,NE,False
11001007809,78.09,Census Tract 78.09; District of Columbia; District of Columbia,2922.0,2768.0,94.73,3155,2760,87.48,-8.0,-7.25,2922.0,2768.0,94.73,3155,2760,87.48,-8.0,-7.25,78.09,1,78.09,78.09,925.667,645.0,855.0,2004.0,245.0,1425.667,979.5,1273.0,2433.0,436.0,False,334.5,418.0,-8.0,-7.25,-0.3,-0.28,0.019,0.287,-0.275,-0.091,0.5,Moderate,7,NE,False
11001007901,79.01,Census Tract 79.01; District of Columbia; District of Columbia,3822.0,3252.0,85.09,4148,2603,62.75,-649.0,-22.34,3822.0,3252.0,85.09,4148,2603,62.75,-649.0,-22.34,79.01,1,79.01,79.01,1488.333,1134.0,1352.5,2855.0,281.0,2088.0,1556.5,1919.5,3779.0,413.0,False,422.5,567.0,-649.0,-22.34,1.301,1.249,0.283,0.741,3.573,1.188,0.89,High,7,NE,False
11001007903,79.03,Census Tract 79.03; District of Columbia; District of Columbia,1774.0,1536.0,86.58,1865,1111,59.57,-425.0,-27.01,1774.0,1536.0,86.58,1865,1111,59.57,-425.0,-27.01,79.03,1,79.03,79.03,597.333,456.0,540.5,1316.0,84.0,898.333,762.5,816.0,1652.0,88.0,False,306.5,275.5,-425.0,-27.01,0.741,1.722,-0.066,-0.147,2.251,0.749,0.818,High,7,NE,False
11001008001,80.01,Census Tract 80.01; District of Columbia; District of Columbia,2784.0,1247.0,44.79,3103,808,26.04,-439.0,-18.75,2784.0,1247.0,44.79,3103,808,26.04,-439.0,-18.75,80.01,1,80.01,80.01,1443.0,1289.5,1299.5,2241.0,20.0,1731.0,1457.5,1522.5,2571.0,94.0,False,168.0,223.0,-439.0,-18.75,0.776,0.885,-0.482,-0.306,0.873,0.29,0.695,Moderate,6,NE,False
11001008002,80.02,Census Tract 80.02; District of Columbia; District of Columbia,3031.0,1158.0,38.21,3366,688,20.44,-470.0,-17.77,3031.0,1158.0,38.21,3366,688,20.44,-470.0,-17.77,80.02,1,80.02,80.02,1860.0,1524.5,1681.5,3002.0,176.0,1787.667,1575.5,1628.5,2651.0,51.0,False,51.0,-53.0,-470.0,-17.77,0.854,0.786,-0.833,-1.147,-0.34,-0.113,0.487,Low,7,NE,False
11001008100,81.0,Census Tract 81; District of Columbia; District of Columbia,2910.0,422.0,14.5,3153,245,7.77,-177.0,-6.73,2910.0,422.0,14.5,3153,245,7.77,-177.0,-6.73,81.0,1,81.0,81.0,2144.0,1900.0,1936.5,2952.0,61.0,2026.0,1812.0,1846.0,2932.0,30.0,False,-88.0,-90.5,-177.0,-6.73,0.122,-0.333,-1.251,-1.261,-2.722,-0.905,0.188,Very Low,6,NE,False
11001008200,82.0,Census Tract 82; District of Columbia; District of Columbia,2918.0,156.0,5.35,2695,184,6.83,28.0,1.48,2918.0,156.0,5.35,2695,184,6.83,28.0,1.48,82.0,1,82.0,82.0,1872.667,1678.0,1719.5,2509.0,52.0,1973.0,1739.5,1843.0,2778.0,94.0,False,61.5,123.5,28.0,1.48,-0.39,-1.165,-0.802,-0.609,-2.966,-0.986,0.175,Very Low,6,NE,False
11001008301,83.01,Census Tract 83.01; District of Columbia; District of Columbia,2279.0,383.0,16.81,3220,380,11.8,-3.0,-5.01,2279.0,383.0,16.81,3220,380,11.8,-3.0,-5.01,83.01,1,83.01,83.01,1345.0,1149.5,1189.5,2045.0,53.0,1570.0,1344.0,1364.5,2404.0,26.0,False,194.5,175.0,-3.0,-5.01,-0.312,-0.507,-0.402,-0.453,-1.674,-0.557,0.299,Low,6,NE,False
11001008302,83.02,Census Tract 83.02; District of Columbia; District of Columbia,2206.0,490.0,22.21,3026,443,14.64,-47.0,-7.57,2206.0,490.0,22.21,3026,443,14.64,-47.0,-7.57,83.02,1,83.02,83.02,1166.333,1037.5,1085.0,1717.0,16.0,1582.333,1401.5,1411.5,2347.0,6.0,False,364.0,326.5,-47.0,-7.57,-0.203,-0.248,0.107,0.009,-0.335,-0.111,0.494,Low,6,NE,False
11001008402,84.02,Census Tract 84.02; District of Columbia; District of Columbia,2149.0,846.0,39.37,2447,711,29.06,-135.0,-10.31,2149.0,846.0,39.37,2447,711,29.06,-135.0,-10.31,84.02,1,84.02,84.02,1372.0,990.0,1257.0,2343.0,342.0,1417.333,1255.5,1285.5,2129.0,48.0,False,265.5,28.5,-135.0,-10.31,0.017,0.03,-0.189,-0.898,-1.04,-0.346,0.37,Low,6,NE,False
11001008410,84.1,Census Tract 84.10; District of Columbia; District of Columbia,1489.0,958.0,64.34,1843,637,34.56,-321.0,-29.78,1489.0,958.0,64.34,1843,637,34.56,-321.0,-29.78,84.1,1,84.1,84.1,837.667,640.0,727.0,1405.0,130.0,1136.667,976.0,1027.0,1471.0,63.0,False,336.0,300.0,-321.0,-29.78,0.482,2.003,0.023,-0.072,2.436,0.81,0.838,High,6,NE,False
11001008701,87.01,Census Tract 87.01; District of Columbia; District of Columbia,2407.0,1888.0,78.44,2814,1323,47.01,-565.0,-31.43,2407.0,1888.0,78.44,2814,1323,47.01,-565.0,-31.43,87.01,1,87.01,87.01,1007.667,785.5,904.5,1715.0,171.0,1675.333,1435.5,1493.5,2471.0,88.0,False,650.0,589.0,-565.0,-31.43,1.091,2.17,0.966,0.808,5.035,1.675,0.942,Very High,5,NE,False
11001008702,87.02,Census Tract 87.02; District of Columbia; District of Columbia,1599.0,1280.0,80.05,3574,1565,43.79,285.0,-36.26,1599.0,1280.0,80.05,3574,1565,43.79,285.0,-36.26,87.02,1,87.02,87.02,743.333,540.0,658.5,1521.0,176.0,2261.0,2000.0,2085.5,3096.0,98.0,False,1460.0,1427.0,285.0,-36.26,-1.032,2.66,3.4,3.358,8.386,2.789,0.981,Very High,5,NE,False
11001008802,88.02,Census Tract 88.02; District of Columbia; District of Columbia,4119.0,3607.0,87.57,4360,2404,55.14,-1203.0,-32.43,4119.0,3607.0,87.57,4360,2404,55.14,-1203.0,-32.43,88.02,1,88.02,88.02,1870.333,1310.5,1687.5,3575.0,445.0,2326.0,1936.5,2070.0,3822.0,221.0,False,626.0,382.5,-1203.0,-32.43,2.684,2.272,0.894,0.179,6.029,2.005,0.961,Very High,5,NE,False
11001008803,88.03,Census Tract 88.03; District of Columbia; District of Columbia,2037.0,1143.0,56.11,4036,1970,48.81,827.0,-7.3,2037.0,1143.0,56.11,4036,1970,48.81,827.0,-7.3,88.03,1,88.03,88.03,669.667,533.5,603.5,1328.0,86.0,1367.667,1049.0,1214.0,2908.0,231.0,False,515.5,610.5,827.0,-7.3,-2.385,-0.275,0.562,0.873,-1.225,-0.407,0.357,Low,5,NE,False
11001008804,88.04,Census Tract 88.04; District of Columbia; District of Columbia,2412.0,2183.0,90.51,2417,1626,67.27,-557.0,-23.24,2412.0,2183.0,90.51,2417,1626,67.27,-557.0,-23.24,88.04,1,88.04,88.04,1122.333,853.5,1015.5,2257.0,225.0,1302.0,1113.0,1184.5,2404.0,101.0,False,259.5,169.0,-557.0,-23.24,1.071,1.34,-0.207,-0.471,1.734,0.577,0.773,High,5,NE,False
11001008903,89.03,Census Tract 89.03; District of Columbia; District of Columbia,2633.0,2493.0,94.68,3062,2255,73.64,-238.0,-21.04,2633.0,2493.0,94.68,3062,2255,73.64,-238.0,-21.04,89.03,1,89.03,89.03,1053.333,793.5,951.0,1732.0,251.0,1518.667,1133.5,1340.5,2456.0,344.0,False,340.0,389.5,-238.0,-21.04,0.274,1.117,0.035,0.2,1.627,0.541,0.76,High,5,NE,False
11001008904,89.04,Census Tract 89.04; District of Columbia; District of Columbia,3309.0,3170.0,95.8,3137,2549,81.26,-621.0,-14.54,3309.0,3170.0,95.8,3137,2549,81.26,-621.0,-14.54,89.04,1,89.04,89.04,1523.333,1055.0,1364.0,2766.0,425.0,2163.0,1764.5,1915.0,3524.0,212.0,False,709.5,551.0,-621.0,-14.54,1.231,0.458,1.145,0.692,3.526,1.173,0.883,High,5,NE,False
11001009000,90.0,Census Tract 90; District of Columbia; District of Columbia,2732.0,2431.0,88.98,4676,3853,82.4,1422.0,-6.58,2732.0,2431.0,88.98,4676,3853,82.4,1422.0,-6.58,90.0,1,90.0,90.0,1090.0,977.5,998.5,2264.0,42.0,1513.0,1351.5,1386.5,3204.0,44.0,False,374.0,388.0,1422.0,-6.58,-3.871,-0.348,0.137,0.196,-3.886,-1.293,0.071,Very Low,5,NE,False
11001009102,91.02,Census Tract 91.02; District of Columbia; District of Columbia,4127.0,3820.0,92.56,4608,3481,75.54,-339.0,-17.02,4127.0,3820.0,92.56,4608,3481,75.54,-339.0,-17.02,91.02,1,91.02,91.02,1778.333,1378.0,1624.0,3563.0,298.0,1975.333,1603.0,1785.0,3821.0,257.0,False,225.0,161.0,-339.0,-17.02,0.527,0.71,-0.31,-0.495,0.431,0.143,0.617,Moderate,5,NE,False
11001009201,92.01,Census Tract 92.01; District of Columbia; District of Columbia,1976.0,1019.0,51.57,3103,965,31.1,-54.0,-20.47,1976.0,1019.0,51.57,3103,965,31.1,-54.0,-20.47,92.01,1,92.01,92.01,549.0,463.5,490.0,1015.0,39.0,1786.667,1485.0,1643.0,2762.0,173.0,False,1021.5,1153.0,-54.0,-20.47,-0.185,1.059,2.083,2.524,5.481,1.823,0.955,Very High,5,NE,False
11001009203,92.03,Census Tract 92.03; District of Columbia; District of Columbia,2582.0,2117.0,81.99,2775,1559,56.18,-558.0,-25.81,2582.0,2117.0,81.99,2775,1559,56.18,-558.0,-25.81,92.03,1,92.03,92.03,1196.333,906.5,1046.5,2226.0,248.0,1859.667,1559.5,1724.0,2818.0,177.0,False,653.0,677.5,-558.0,-25.81,1.074,1.601,0.975,1.077,4.727,1.572,0.935,Very High,5,NE,False
11001009204,92.04,Census Tract 92.04; District of Columbia; District of Columbia,2557.0,2062.0,80.64,2889,1747,60.47,-315.0,-20.17,2557.0,2062.0,80.64,2889,1747,60.47,-315.0,-20.17,92.04,1,92.04,92.04,1118.667,889.0,1027.0,2046.0,169.0,1109.0,876.0,1028.5,2234.0,158.0,False,-13.0,1.5,-315.0,-20.17,0.467,1.029,-1.025,-0.981,-0.51,-0.17,0.474,Low,5,NE,False
11001009301,93.01,Census Tract 93.01; District of Columbia; District of Columbia,3143.0,1915.0,60.93,3853,1782,46.25,-133.0,-14.68,3143.0,1915.0,60.93,3853,1782,46.25,-133.0,-14.68,93.01,1,93.01,93.01,1560.667,1276.0,1443.0,2853.0,206.0,1848.0,1565.5,1637.5,3121.0,96.0,False,289.5,194.5,-133.0,-14.68,0.012,0.473,-0.117,-0.393,-0.025,-0.008,0.539,Moderate,5,NE,False
11001009302,93.02,Census Tract 93.02; District of Columbia; District of Columbia,1189.0,835.0,70.23,1750,744,42.51,-91.0,-27.72,1189.0,835.0,70.23,1750,744,42.51,-91.0,-27.72,93.02,1,93.02,93.02,617.333,483.0,542.0,1046.0,88.0,906.667,760.5,816.5,1352.0,80.0,False,277.5,274.5,-91.0,-27.72,-0.093,1.794,-0.153,-0.15,1.399,0.465,0.727,Moderate,5,NE,False
11001009400,94.0,Census Tract 94; District of Columbia; District of Columbia,4163.0,3467.0,83.28,4424,2859,64.62,-608.0,-18.66,4163.0,3467.0,83.28,4424,2859,64.62,-608.0,-18.66,94.0,1,94.0,94.0,2023.0,1501.5,1848.5,3414.0,411.0,2477.0,2080.5,2209.0,4281.0,190.0,False,579.0,360.5,-608.0,-18.66,1.198,0.876,0.753,0.112,2.94,0.978,0.857,High,5,NE,False
11001009503,95.03,Census Tract 95.03; District of Columbia; District of Columbia,2910.0,2301.0,79.07,3106,1888,60.79,-413.0,-18.28,2910.0,2301.0,79.07,3106,1888,60.79,-413.0,-18.28,95.03,1,95.03,95.03,1166.0,938.0,1046.0,2543.0,178.0,1335.0,1154.5,1226.0,2472.0,100.0,False,216.5,180.0,-413.0,-18.28,0.711,0.837,-0.336,-0.437,0.776,0.258,0.675,Moderate,5,NE,False
11001009504,95.04,Census Tract 95.04; District of Columbia; District of Columbia,3025.0,2204.0,72.86,3208,1751,54.58,-453.0,-18.28,3025.0,2204.0,72.86,3208,1751,54.58,-453.0,-18.28,95.04,1,95.04,95.04,1173.667,929.5,1069.5,2543.0,165.0,1451.333,1191.5,1308.0,2837.0,190.0,False,262.0,238.5,-453.0,-18.28,0.811,0.837,-0.199,-0.259,1.19,0.396,0.708,Moderate,5,NE,False
11001009505,95.05,Census Tract 95.05; District of Columbia; District of Columbia,2630.0,2274.0,86.46,3796,2652,69.86,378.0,-16.6,2630.0,2274.0,86.46,3796,2652,69.86,378.0,-16.6,95.05,1,95.05,95.05,1077.333,963.0,989.0,2169.0,52.0,2042.667,1726.5,1870.0,3305.0,235.0,False,763.5,881.0,378.0,-16.6,-1.264,0.667,1.307,1.696,2.407,0.801,0.831,High,4,NE,False
11001009507,95.07,Census Tract 95.07; District of Columbia; District of Columbia,1489.0,1304.0,87.58,1525,1074,70.43,-230.0,-17.15,1489.0,1304.0,87.58,1525,1074,70.43,-230.0,-17.15,95.07,1,95.07,95.07,709.667,629.5,645.5,1496.0,32.0,809.667,630.5,711.0,1490.0,112.0,False,1.0,65.5,-230.0,-17.15,0.254,0.723,-0.983,-0.786,-0.792,-0.263,0.429,Low,4,NE,False
11001009508,95.08,Census Tract 95.08; District of Columbia; District of Columbia,3290.0,2821.0,85.74,4243,2708,63.82,-113.0,-21.92,3290.0,2821.0,85.74,4243,2708,63.82,-113.0,-21.92,95.08,1,95.08,95.08,1077.0,882.5,975.0,2498.0,115.0,1397.333,1250.5,1292.5,3559.0,57.0,False,368.0,317.5,-113.0,-21.92,-0.038,1.206,0.119,-0.019,1.269,0.422,0.714,Moderate,5,NE,False
11001009509,95.09,Census Tract 95.09; District of Columbia; District of Columbia,2940.0,2592.0,88.16,3194,2271,71.1,-321.0,-17.06,2940.0,2592.0,88.16,3194,2271,71.1,-321.0,-17.06,95.09,1,95.09,95.09,1181.0,963.0,1079.5,2394.0,197.0,1419.667,1215.0,1288.0,2705.0,73.0,False,252.0,208.5,-321.0,-17.06,0.482,0.714,-0.229,-0.351,0.616,0.205,0.656,Moderate,5,NE,False
11001009510,95.1,Census Tract 95.10; District of Columbia; District of Columbia,,,,4525,2442,53.97,,,,,,4525,2442,53.97,,,95.1,0,95.1,95.1,,,,,,2049.333,1738.5,1877.5,3626.0,166.0,True,,,,,,,,,,,,,5,NE,True
11001009511,95.11,Census Tract 95.11; District of Columbia; District of Columbia,,,,2066,607,29.38,,,,,,2066,607,29.38,,,95.11,0,95.11,95.11,,,,,,689.667,600.0,642.5,2156.0,54.0,True,,,,,,,,,,,,,5,NE,True
11001009601,96.01,Census Tract 96.01; District of Columbia; District of Columbia,2445.0,2359.0,96.48,2086,1880,90.12,-479.0,-6.36,2445.0,2359.0,96.48,2086,1880,90.12,-479.0,-6.36,96.01,1,96.01,96.01,849.0,657.0,802.5,1558.0,167.0,1017.667,680.5,956.5,2016.0,327.0,False,23.5,154.0,-479.0,-6.36,0.876,-0.371,-0.916,-0.516,-0.927,-0.308,0.39,Low,7,NE,False
11001009602,96.02,Census Tract 96.02; District of Columbia; District of Columbia,3280.0,3166.0,96.52,4481,4137,92.32,971.0,-4.2,3280.0,3166.0,96.52,4481,4137,92.32,971.0,-4.2,96.02,1,96.02,96.02,1143.333,801.5,1048.5,2213.0,339.0,1565.667,1010.5,1460.5,2945.0,526.0,False,209.0,412.0,971.0,-4.2,-2.745,-0.59,-0.358,0.269,-3.424,-1.139,0.13,Very Low,7,NE,False
11001009603,96.03,Census Tract 96.03; District of Columbia; District of Columbia,3373.0,3236.0,95.94,3971,3439,86.6,203.0,-9.34,3373.0,3236.0,95.94,3971,3439,86.6,203.0,-9.34,96.03,1,96.03,96.03,1355.667,1036.5,1241.5,2466.0,311.0,1787.0,1299.5,1647.0,3546.0,413.0,False,263.0,405.5,203.0,-9.34,-0.827,-0.069,-0.196,0.249,-0.843,-0.28,0.409,Low,7,NE,False
11001009604,96.04,Census Tract 96.04; District of Columbia; District of Columbia,1962.0,1865.0,95.06,1996,1653,82.82,-212.0,-12.24,1962.0,1865.0,95.06,1996,1653,82.82,-212.0,-12.24,96.04,1,96.04,96.04,892.0,751.5,843.0,1689.0,111.0,1202.667,1000.5,1125.5,1870.0,135.0,False,249.0,282.5,-212.0,-12.24,0.209,0.225,-0.238,-0.125,0.071,0.024,0.565,Moderate,7,NE,False
11001009700,97.0,Census Tract 97; District of Columbia; District of Columbia,3177.0,3098.0,97.51,3188,3018,94.67,-80.0,-2.84,3177.0,3098.0,97.51,3188,3018,94.67,-80.0,-2.84,97.0,1,97.0,97.0,1080.0,783.0,1002.5,1862.0,267.0,1391.333,1106.5,1302.0,2494.0,269.0,False,323.5,299.5,-80.0,-2.84,-0.12,-0.727,-0.014,-0.074,-0.936,-0.311,0.383,Low,8,SE,False
11001009801,98.01,Census Tract 98.01; District of Columbia; District of Columbia,1575.0,1526.0,96.89,1848,1741,94.21,215.0,-2.68,1575.0,1526.0,96.89,1848,1741,94.21,215.0,-2.68,98.01,1,98.01,98.01,533.333,294.0,493.0,943.0,226.0,556.667,375.0,510.0,1599.0,186.0,False,81.0,17.0,215.0,-2.68,-0.857,-0.744,-0.743,-0.933,-3.277,-1.09,0.149,Very Low,8,SE,False
11001009802,98.02,Census Tract 98.02; District of Columbia; District of Columbia,1693.0,1665.0,98.35,2064,1961,95.01,296.0,-3.34,1693.0,1665.0,98.35,2064,1961,95.01,296.0,-3.34,98.02,1,98.02,98.02,349.667,288.5,325.0,843.0,42.0,536.0,339.0,507.0,1587.0,210.0,False,50.5,182.0,296.0,-3.34,-1.059,-0.677,-0.835,-0.431,-3.002,-0.998,0.169,Very Low,8,SE,False
11001009803,98.03,Census Tract 98.03; District of Columbia; District of Columbia,2758.0,2684.0,97.32,2968,2689,90.6,5.0,-6.72,2758.0,2684.0,97.32,2968,2689,90.6,5.0,-6.72,98.03,1,98.03,98.03,944.333,607.5,877.0,1816.0,334.0,1254.333,919.5,1151.0,2442.0,291.0,False,312.0,274.0,5.0,-6.72,-0.332,-0.334,-0.049,-0.151,-0.867,-0.288,0.403,Low,8,SE,False
11001009804,98.04,Census Tract 98.04; District of Columbia; District of Columbia,2473.0,2369.0,95.79,2517,2258,89.71,-111.0,-6.08,2473.0,2369.0,95.79,2517,2258,89.71,-111.0,-6.08,98.04,1,98.04,98.04,920.667,658.5,846.0,2067.0,239.0,1180.667,925.5,1102.0,1944.0,223.0,False,267.0,256.0,-111.0,-6.08,-0.043,-0.399,-0.184,-0.206,-0.832,-0.277,0.416,Low,8,SE,False
11001009807,98.07,Census Tract 98.07; District of Columbia; District of Columbia,3072.0,2937.0,95.61,3523,3245,92.11,308.0,-3.5,3072.0,2937.0,95.61,3523,3245,92.11,308.0,-3.5,98.07,1,98.07,98.07,1489.0,1113.0,1345.5,2636.0,358.0,1413.333,1132.0,1271.0,2794.0,206.0,False,19.0,-74.5,308.0,-3.5,-1.089,-0.661,-0.929,-1.212,-3.891,-1.294,0.065,Very Low,8,SW,False
11001009810,98.1,Census Tract 98.10; District of Columbia; District of Columbia,2507.0,2456.0,97.97,2461,2304,93.62,-152.0,-4.35,2507.0,2456.0,97.97,2461,2304,93.62,-152.0,-4.35,98.1,1,98.1,98.1,802.667,677.0,746.0,1698.0,111.0,1269.0,945.5,1102.5,2236.0,273.0,False,268.5,356.5,-152.0,-4.35,0.06,-0.574,-0.18,0.1,-0.594,-0.198,0.455,Low,8,SE,False
11001009811,98.11,Census Tract 98.11; District of Columbia; District of Columbia,4365.0,4246.0,97.27,4438,4225,95.2,-21.0,-2.07,4365.0,4246.0,97.27,4438,4225,95.2,-21.0,-2.07,98.11,1,98.11,98.11,1175.667,780.0,1089.0,2309.0,347.0,1734.0,1199.5,1616.5,3045.0,465.0,False,419.5,527.5,-21.0,-2.07,-0.268,-0.805,0.274,0.62,-0.179,-0.059,0.513,Moderate,8,SE,False
11001009901,99.01,Census Tract 99.01; District of Columbia; District of Columbia,2249.0,2094.0,93.11,2364,1986,84.01,-108.0,-9.1,2249.0,2094.0,93.11,2364,1986,84.01,-108.0,-9.1,99.01,1,99.01,99.01,1006.0,880.5,928.5,1804.0,73.0,979.667,843.0,863.5,2233.0,20.0,False,-37.5,-65.0,-108.0,-9.1,-0.05,-0.093,-1.099,-1.183,-2.425,-0.807,0.227,Very Low,7,SE,False
11001009902,99.02,Census Tract 99.02; District of Columbia; District of Columbia,2905.0,2813.0,96.83,2774,2562,92.36,-251.0,-4.47,2905.0,2813.0,96.83,2774,2562,92.36,-251.0,-4.47,99.02,1,99.02,99.02,1249.333,939.0,1151.5,2315.0,325.0,1702.0,1405.0,1516.0,2929.0,191.0,False,466.0,364.5,-251.0,-4.47,0.307,-0.562,0.414,0.124,0.283,0.094,0.584,Moderate,7,SE,False
11001009903,99.03,Census Tract 99.03; District of Columbia; District of Columbia,1851.0,1774.0,95.84,2004,1843,91.97,69.0,-3.87,1851.0,1774.0,95.84,2004,1843,91.97,69.0,-3.87,99.03,1,99.03,99.03,502.0,346.5,440.5,1066.0,123.0,1271.667,850.5,1135.5,2069.0,489.0,False,504.0,695.0,69.0,-3.87,-0.492,-0.623,0.528,1.13,0.543,0.181,0.643,Moderate,7,SE,False
11001009904,99.04,Census Tract 99.04; District of Columbia; District of Columbia,2243.0,2055.0,91.62,2886,2504,86.76,449.0,-4.86,2243.0,2055.0,91.62,2886,2504,86.76,449.0,-4.86,99.04,1,99.04,99.04,705.0,519.5,635.5,1184.0,118.0,1288.333,1060.0,1184.5,2043.0,146.0,False,540.5,549.0,449.0,-4.86,-1.441,-0.523,0.637,0.686,-0.641,-0.213,0.448,Low,7,SE,False
11001009905,99.05,Census Tract 99.05; District of Columbia; District of Columbia,2795.0,2676.0,95.74,2790,2557,91.65,-119.0,-4.09,2795.0,2676.0,95.74,2790,2557,91.65,-119.0,-4.09,99.05,1,99.05,99.05,1069.667,763.5,973.5,1970.0,281.0,1051.667,778.0,957.5,2095.0,213.0,False,14.5,-16.0,-119.0,-4.09,-0.023,-0.601,-0.943,-1.034,-2.6,-0.865,0.195,Very Low,7,SE,False
11001009906,99.06,Census Tract 99.06; District of Columbia; District of Columbia,1296.0,1241.0,95.76,1773,1547,87.25,306.0,-8.51,1296.0,1241.0,95.76,1773,1547,87.25,306.0,-8.51,99.06,1,99.06,99.06,735.667,558.5,650.5,1332.0,164.0,630.0,482.0,575.0,1565.0,143.0,False,-76.5,-75.5,306.0,-8.51,-1.084,-0.153,-1.216,-1.215,-3.668,-1.22,0.091,Very Low,7,SE,False
11001009907,99.07,Census Tract 99.07; District of Columbia; District of Columbia,2836.0,2763.0,97.43,2259,2127,94.16,-636.0,-3.27,2836.0,2763.0,97.43,2259,2127,94.16,-636.0,-3.27,99.07,1,99.07,99.07,955.667,719.0,892.0,1745.0,195.0,1337.333,1011.0,1211.5,2185.0,220.0,False,292.0,319.5,-636.0,-3.27,1.268,-0.684,-0.109,-0.013,0.463,0.154,0.63,Moderate,7,SE,False
11001010100,101.0,Census Tract 101; District of Columbia; District of Columbia,2621.0,393.0,14.99,2699,388,14.38,-5.0,-0.61,2621.0,393.0,14.99,2699,388,14.38,-5.0,-0.61,101.0,1,101.0,101.0,1363.333,1195.5,1224.5,2061.0,40.0,1860.333,1617.0,1699.0,2714.0,80.0,False,421.5,474.5,-5.0,-0.61,-0.307,-0.953,0.28,0.459,-0.522,-0.174,0.468,Low,2,NW,False
11001010201,102.01,Census Tract 102.01; District of Columbia; District of Columbia,,,,3341,853,25.53,,,,,,3341,853,25.53,,,102.01,0,102.01,102.01,,,,,,1441.667,1235.5,1287.5,2158.0,82.0,True,,,,,,,,,,,,,6,SW,True
11001010202,102.02,Census Tract 102.02; District of Columbia; District of Columbia,,,,2631,647,24.59,,,,,,2631,647,24.59,,,102.02,0,102.02,102.02,,,,,,924.333,855.0,865.5,1445.0,0.0,True,,,,,,,,,,,,,6,SW,True
11001010300,103.0,Census Tract 103; District of Columbia; District of Columbia,3187.0,1915.0,60.09,3604,1865,51.75,-50.0,-8.34,3187.0,1915.0,60.09,3604,1865,51.75,-50.0,-8.34,103.0,1,103.0,103.0,1717.667,1420.0,1763.5,2879.0,179.0,2322.333,2009.5,2107.0,3675.0,82.0,False,589.5,343.5,-50.0,-8.34,-0.195,-0.17,0.785,0.06,0.48,0.16,0.636,Moderate,4,NW,False
11001010400,104.0,Census Tract 104; District of Columbia; District of Columbia,4365.0,4115.0,94.27,4616,4246,91.98,131.0,-2.29,4365.0,4115.0,94.27,4616,4246,91.98,131.0,-2.29,104.0,1,104.0,104.0,1882.333,1173.0,1826.5,3839.0,745.0,2488.667,2003.5,2338.5,3974.0,461.0,False,830.5,512.0,131.0,-2.29,-0.647,-0.783,1.509,0.573,0.652,0.217,0.662,Moderate,8,SE,False
11001010500,105.0,Census Tract 105; District of Columbia; District of Columbia,3410.0,1888.0,55.37,3712,1553,41.84,-335.0,-13.53,3410.0,1888.0,55.37,3712,1553,41.84,-335.0,-13.53,105.0,1,105.0,105.0,2515.0,2077.0,2265.5,3871.0,235.0,2354.333,2077.5,2111.0,3577.0,40.0,False,0.5,-154.5,-335.0,-13.53,0.517,0.356,-0.985,-1.455,-1.568,-0.521,0.318,Low,6,SW,False
11001010601,106.01,Census Tract 106.01; District of Columbia; District of Columbia,,,,2130,503,23.62,,,,,,2130,503,23.62,,,106.01,0,106.01,106.01,,,,,,1237.333,1112.0,1119.5,1746.0,0.0,True,,,,,,,,,,,,,6,NE,True
11001010602,106.02,Census Tract 106.02; District of Columbia; District of Columbia,,,,6594,1549,23.49,,,,,,6594,1549,23.49,,,106.02,0,106.02,106.02,,,,,,3146.667,2810.0,2850.5,4738.0,17.0,True,,,,,,,,,,,,,6,NE,True
11001010603,106.03,Census Tract 106.03; District of Columbia; District of Columbia,,,,3068,546,17.8,,,,,,3068,546,17.8,,,106.03,0,106.03,106.03,,,,,,1549.667,1445.5,1462.5,1863.0,25.0,True,,,,,,,,,,,,,6,NE,True
11001010700,107.0,Census Tract 107; District of Columbia; District of Columbia,1838.0,89.0,4.84,2296,140,6.1,51.0,1.26,1838.0,89.0,4.84,2296,140,6.1,51.0,1.26,107.0,1,107.0,107.0,1158.0,1020.5,1066.0,1863.0,62.0,1144.0,999.5,1042.5,1751.0,58.0,False,-21.0,-23.5,51.0,1.26,-0.447,-1.143,-1.049,-1.057,-3.696,-1.229,0.084,Very Low,2,NW,False
11001010800,108.0,Census Tract 108; District of Columbia; District of Columbia,6408.0,279.0,4.35,6879,657,9.55,378.0,5.2,6408.0,279.0,4.35,6879,657,9.55,378.0,5.2,108.0,1,108.0,108.0,1309.333,1155.0,1221.5,6818.0,97.0,1952.0,1659.0,1801.0,6330.0,185.0,False,504.0,579.5,378.0,5.2,-1.264,-1.542,0.528,0.779,-1.5,-0.499,0.331,Low,2,NW,False
11001010900,109.0,Census Tract 109; District of Columbia; District of Columbia,3211.0,3055.0,95.14,3333,3055,91.66,0.0,-3.48,3211.0,3055.0,95.14,3333,3055,91.66,0.0,-3.48,109.0,1,109.0,109.0,1039.0,705.0,961.0,2355.0,275.0,1365.333,1123.5,1233.5,2522.0,172.0,False,418.5,272.5,0.0,-3.48,-0.32,-0.663,0.271,-0.156,-0.867,-0.288,0.396,Low,8,SW,False
11001011001,110.01,Census Tract 110.01; District of Columbia; District of Columbia,,,,2423,941,38.84,,,,,,2423,941,38.84,,,110.01,0,110.01,110.01,,,,,,1534.667,1386.5,1396.5,2310.0,10.0,True,,,,,,,,,,,,,6,SW,True
11001011002,110.02,Census Tract 110.02; District of Columbia; District of Columbia,,,,1859,361,19.42,,,,,,1859,361,19.42,,,110.02,0,110.02,110.02,,,,,,1040.667,836.5,976.0,1760.0,130.0,True,,,,,,,,,,,,,6,SW,True
11001011100,111.0,Census Tract 111; District of Columbia; District of Columbia,4859.0,4192.0,86.27,5903,4446,75.32,254.0,-10.95,4859.0,4192.0,86.27,5903,4446,75.32,254.0,-10.95,111.0,1,111.0,111.0,1710.333,1319.5,1543.0,3717.0,344.0,2036.667,1587.0,1813.5,4438.0,350.0,False,267.5,270.5,254.0,-10.95,-0.954,0.095,-0.183,-0.162,-1.204,-0.401,0.364,Low,5,NE,False
11001980000,9800.0,Census Tract 9800; District of Columbia; District of Columbia,,,,176,114,64.77,,,,,,176,114,64.77,,,9800.0,0,9800.0,9800.0,,,,,,8.667,6.5,6.5,13.0,0.0,True,,,,,,,,,,,,,2,SW,True
